#########J4-EX_データセットSQL#########

###### テーブル構築：UZUZ_STUDENT ######
CREATE TABLE UZUZ_STUDENT (
  STUDENT_ID       INTEGER     NOT NULL PRIMARY KEY,
  STUDENT_NAME     VARCHAR(30) NOT NULL            ,
  GENDER           INTEGER     NOT NULL            ,
  AGE              INTEGER     NOT NULL            ,
  BRANCH_ID        INTEGER     NOT NULL            ,
  CAREER_MON       INTEGER     NOT NULL            ,
  COURSE_ID        INTEGER
);
INSERT INTO UZUZ_STUDENT (STUDENT_ID,STUDENT_NAME,GENDER,AGE,BRANCH_ID,CAREER_MON,COURSE_ID)VALUES ('1' ,'ikeda'    ,'1','29','13','48','3' );
INSERT INTO UZUZ_STUDENT (STUDENT_ID,STUDENT_NAME,GENDER,AGE,BRANCH_ID,CAREER_MON,COURSE_ID)VALUES ('2' ,'abe'      ,'1','23','11','3' ,'3' );
INSERT INTO UZUZ_STUDENT (STUDENT_ID,STUDENT_NAME,GENDER,AGE,BRANCH_ID,CAREER_MON,COURSE_ID)VALUES ('3' ,'ogawa'    ,'1','26','14','12',NULL);
INSERT INTO UZUZ_STUDENT (STUDENT_ID,STUDENT_NAME,GENDER,AGE,BRANCH_ID,CAREER_MON,COURSE_ID)VALUES ('4' ,'ogino'    ,'1','28','14','30',NULL);
INSERT INTO UZUZ_STUDENT (STUDENT_ID,STUDENT_NAME,GENDER,AGE,BRANCH_ID,CAREER_MON,COURSE_ID)VALUES ('5' ,'itou'     ,'2','22','23','4' ,'1' );
INSERT INTO UZUZ_STUDENT (STUDENT_ID,STUDENT_NAME,GENDER,AGE,BRANCH_ID,CAREER_MON,COURSE_ID)VALUES ('6' ,'tanaka'   ,'1','25','12','0' ,'1' );
INSERT INTO UZUZ_STUDENT (STUDENT_ID,STUDENT_NAME,GENDER,AGE,BRANCH_ID,CAREER_MON,COURSE_ID)VALUES ('7' ,'suzuki'   ,'2','23','11','10',NULL);
INSERT INTO UZUZ_STUDENT (STUDENT_ID,STUDENT_NAME,GENDER,AGE,BRANCH_ID,CAREER_MON,COURSE_ID)VALUES ('8' ,'ogawa'    ,'2','22','12','4' ,'3' );
INSERT INTO UZUZ_STUDENT (STUDENT_ID,STUDENT_NAME,GENDER,AGE,BRANCH_ID,CAREER_MON,COURSE_ID)VALUES ('9' ,'kan'      ,'2','22','13','3' ,'3' );
INSERT INTO UZUZ_STUDENT (STUDENT_ID,STUDENT_NAME,GENDER,AGE,BRANCH_ID,CAREER_MON,COURSE_ID)VALUES ('10','amano'    ,'1','21','23','11','3' );
INSERT INTO UZUZ_STUDENT (STUDENT_ID,STUDENT_NAME,GENDER,AGE,BRANCH_ID,CAREER_MON,COURSE_ID)VALUES ('11','nishino'  ,'2','24','27','13','1' );
INSERT INTO UZUZ_STUDENT (STUDENT_ID,STUDENT_NAME,GENDER,AGE,BRANCH_ID,CAREER_MON,COURSE_ID)VALUES ('12','umeno'    ,'1','25','11','3' ,'3' );
INSERT INTO UZUZ_STUDENT (STUDENT_ID,STUDENT_NAME,GENDER,AGE,BRANCH_ID,CAREER_MON,COURSE_ID)VALUES ('13','adachi'   ,'2','27','13','30','2' );



###### テーブル構築：COURSE ######
CREATE TABLE COURSE (
  COURSE_ID           INTEGER     NOT NULL PRIMARY KEY,
  COURSE_NAME         VARCHAR(30) NOT NULL
);
INSERT INTO COURSE (COURSE_ID,COURSE_NAME)VALUES ('1','infra');
INSERT INTO COURSE (COURSE_ID,COURSE_NAME)VALUES ('2','sales');
INSERT INTO COURSE (COURSE_ID,COURSE_NAME)VALUES ('3','development');



###### テーブル構築：BRANCH ######
CREATE TABLE BRANCH (
  BRANCH_ID           INTEGER     NOT NULL PRIMARY KEY,
  AREA                VARCHAR(30) NOT NULL,
  BRANCH_NAME         VARCHAR(30) NOT NULL
);
###データの挿入（BRANCH）
INSERT INTO BRANCH (BRANCH_ID,AREA,BRANCH_NAME)VALUES ('1','hokkaido','hokkaido');
INSERT INTO BRANCH (BRANCH_ID,AREA,BRANCH_NAME)VALUES ('2','tohoku','aomori');
INSERT INTO BRANCH (BRANCH_ID,AREA,BRANCH_NAME)VALUES ('3','tohoku','iwate');
INSERT INTO BRANCH (BRANCH_ID,AREA,BRANCH_NAME)VALUES ('4','tohoku','miyagi');
INSERT INTO BRANCH (BRANCH_ID,AREA,BRANCH_NAME)VALUES ('5','tohoku','akita');
INSERT INTO BRANCH (BRANCH_ID,AREA,BRANCH_NAME)VALUES ('6','tohoku','yamagata');
INSERT INTO BRANCH (BRANCH_ID,AREA,BRANCH_NAME)VALUES ('7','tohoku','fukushima');
INSERT INTO BRANCH (BRANCH_ID,AREA,BRANCH_NAME)VALUES ('8','kita_kanto','ibaraki');
INSERT INTO BRANCH (BRANCH_ID,AREA,BRANCH_NAME)VALUES ('9','kita_kanto','tochigi');
INSERT INTO BRANCH (BRANCH_ID,AREA,BRANCH_NAME)VALUES ('10','kita_kanto','gunma');
INSERT INTO BRANCH (BRANCH_ID,AREA,BRANCH_NAME)VALUES ('11','minami_kanto','saitama');
INSERT INTO BRANCH (BRANCH_ID,AREA,BRANCH_NAME)VALUES ('12','minami_kanto','chiba');
INSERT INTO BRANCH (BRANCH_ID,AREA,BRANCH_NAME)VALUES ('13','minami_kanto','tokyo');
INSERT INTO BRANCH (BRANCH_ID,AREA,BRANCH_NAME)VALUES ('14','minami_kanto','kanagawa');
INSERT INTO BRANCH (BRANCH_ID,AREA,BRANCH_NAME)VALUES ('15','chubu','niigata');
INSERT INTO BRANCH (BRANCH_ID,AREA,BRANCH_NAME)VALUES ('16','chubu','toyama');
INSERT INTO BRANCH (BRANCH_ID,AREA,BRANCH_NAME)VALUES ('17','chubu','ishikawa');
INSERT INTO BRANCH (BRANCH_ID,AREA,BRANCH_NAME)VALUES ('18','chubu','fukui');
INSERT INTO BRANCH (BRANCH_ID,AREA,BRANCH_NAME)VALUES ('19','chubu','yamanashi');
INSERT INTO BRANCH (BRANCH_ID,AREA,BRANCH_NAME)VALUES ('20','chubu','nagano');
INSERT INTO BRANCH (BRANCH_ID,AREA,BRANCH_NAME)VALUES ('21','chubu','gifu');
INSERT INTO BRANCH (BRANCH_ID,AREA,BRANCH_NAME)VALUES ('22','chubu','sizuoka');
INSERT INTO BRANCH (BRANCH_ID,AREA,BRANCH_NAME)VALUES ('23','chubu','aichi');
INSERT INTO BRANCH (BRANCH_ID,AREA,BRANCH_NAME)VALUES ('24','kansai','mie');
INSERT INTO BRANCH (BRANCH_ID,AREA,BRANCH_NAME)VALUES ('25','kansai','shiga');
INSERT INTO BRANCH (BRANCH_ID,AREA,BRANCH_NAME)VALUES ('26','kansai','kyoto');
INSERT INTO BRANCH (BRANCH_ID,AREA,BRANCH_NAME)VALUES ('27','kansai','osaka');
INSERT INTO BRANCH (BRANCH_ID,AREA,BRANCH_NAME)VALUES ('28','kansai','hyogo');
INSERT INTO BRANCH (BRANCH_ID,AREA,BRANCH_NAME)VALUES ('29','kansai','nara');
INSERT INTO BRANCH (BRANCH_ID,AREA,BRANCH_NAME)VALUES ('30','kansai','wakayama');
INSERT INTO BRANCH (BRANCH_ID,AREA,BRANCH_NAME)VALUES ('31','cyugoku','tottori');
INSERT INTO BRANCH (BRANCH_ID,AREA,BRANCH_NAME)VALUES ('32','cyugoku','shimane');
INSERT INTO BRANCH (BRANCH_ID,AREA,BRANCH_NAME)VALUES ('33','cyugoku','okayama');
INSERT INTO BRANCH (BRANCH_ID,AREA,BRANCH_NAME)VALUES ('34','cyugoku','hiroshima');
INSERT INTO BRANCH (BRANCH_ID,AREA,BRANCH_NAME)VALUES ('35','cyugoku','yamaguchi');
INSERT INTO BRANCH (BRANCH_ID,AREA,BRANCH_NAME)VALUES ('36','shikoku','tokushima');
INSERT INTO BRANCH (BRANCH_ID,AREA,BRANCH_NAME)VALUES ('37','shikoku','kagawa');
INSERT INTO BRANCH (BRANCH_ID,AREA,BRANCH_NAME)VALUES ('38','shikoku','ehime');
INSERT INTO BRANCH (BRANCH_ID,AREA,BRANCH_NAME)VALUES ('39','shikoku','kochi');
INSERT INTO BRANCH (BRANCH_ID,AREA,BRANCH_NAME)VALUES ('40','kyusyu','fukuoka');
INSERT INTO BRANCH (BRANCH_ID,AREA,BRANCH_NAME)VALUES ('41','kyusyu','saga');
INSERT INTO BRANCH (BRANCH_ID,AREA,BRANCH_NAME)VALUES ('42','kyusyu','nagasaki');
INSERT INTO BRANCH (BRANCH_ID,AREA,BRANCH_NAME)VALUES ('43','kyusyu','kumamoto');
INSERT INTO BRANCH (BRANCH_ID,AREA,BRANCH_NAME)VALUES ('44','kyusyu','oita');
INSERT INTO BRANCH (BRANCH_ID,AREA,BRANCH_NAME)VALUES ('45','kyusyu','miyazaki');
INSERT INTO BRANCH (BRANCH_ID,AREA,BRANCH_NAME)VALUES ('46','kyusyu','kagoshima');
INSERT INTO BRANCH (BRANCH_ID,AREA,BRANCH_NAME)VALUES ('47','kyusyu','okinawa');
