###【J3-EX_総合演習】データセットSQL

#▼--------------------以下のSQLをコピーして演習の環境を整えましょう--------------------▼


#[ EMPLOYEE_MST（社員マスタテーブル） ]
CREATE TABLE EMPLOYEE_MST(EMPLOYEE_ID CHAR(9) NOT NULL PRIMARY KEY, EMPLOYEE_NM VARCHAR(100), BIRTH_DATE DATE NOT NULL, SEX CHAR(1) NOT NULL);
INSERT INTO EMPLOYEE_MST (EMPLOYEE_ID,EMPLOYEE_NM,BIRTH_DATE,SEX) VALUES ('E00000001', '齋藤 良治'   , '1946-12-08' , '1' );
INSERT INTO EMPLOYEE_MST (EMPLOYEE_ID,EMPLOYEE_NM,BIRTH_DATE,SEX) VALUES ('E00000002', '末吉 秀子'   , '1944-05-21' , '2' );
INSERT INTO EMPLOYEE_MST (EMPLOYEE_ID,EMPLOYEE_NM,BIRTH_DATE,SEX) VALUES ('E00000003', '下山 健夫'   , '1945-09-25' , '1' );
INSERT INTO EMPLOYEE_MST (EMPLOYEE_ID,EMPLOYEE_NM,BIRTH_DATE,SEX) VALUES ('E00000004', '川本 智恵'   , '1964-07-22' , '2' );
INSERT INTO EMPLOYEE_MST (EMPLOYEE_ID,EMPLOYEE_NM,BIRTH_DATE,SEX) VALUES ('E00000005', '黒沢 美咲'   , '1942-08-27' , '2' );
INSERT INTO EMPLOYEE_MST (EMPLOYEE_ID,EMPLOYEE_NM,BIRTH_DATE,SEX) VALUES ('E00000006', '大坪 彦太郎' , '1963-03-14' , '1' );
INSERT INTO EMPLOYEE_MST (EMPLOYEE_ID,EMPLOYEE_NM,BIRTH_DATE,SEX) VALUES ('E00000007', '三田 七美'   , '1943-08-22' , '2' );
INSERT INTO EMPLOYEE_MST (EMPLOYEE_ID,EMPLOYEE_NM,BIRTH_DATE,SEX) VALUES ('E00000008', '依田 通夫'   , '1961-06-15' , '1' );
INSERT INTO EMPLOYEE_MST (EMPLOYEE_ID,EMPLOYEE_NM,BIRTH_DATE,SEX) VALUES ('E00000009', '磯部 実桜'   , '1958-11-02' , '2' );
INSERT INTO EMPLOYEE_MST (EMPLOYEE_ID,EMPLOYEE_NM,BIRTH_DATE,SEX) VALUES ('E00000010', '江川 麻由'   , '1939-12-23' , '2' );
INSERT INTO EMPLOYEE_MST (EMPLOYEE_ID,EMPLOYEE_NM,BIRTH_DATE,SEX) VALUES ('E00000011', '砂川 義美'   , '1979-11-15' , '2' );
INSERT INTO EMPLOYEE_MST (EMPLOYEE_ID,EMPLOYEE_NM,BIRTH_DATE,SEX) VALUES ('E00000012', '首藤 幹夫'   , '1988-02-02' , '1' );
INSERT INTO EMPLOYEE_MST (EMPLOYEE_ID,EMPLOYEE_NM,BIRTH_DATE,SEX) VALUES ('E00000013', '竹内 新一郎' , '1986-07-31' , '1' );
INSERT INTO EMPLOYEE_MST (EMPLOYEE_ID,EMPLOYEE_NM,BIRTH_DATE,SEX) VALUES ('E00000014', '宮沢 樹'     , '1978-07-03' , '2' );
INSERT INTO EMPLOYEE_MST (EMPLOYEE_ID,EMPLOYEE_NM,BIRTH_DATE,SEX) VALUES ('E00000015', '住田 和花'   , '1991-01-02' , '2' );
INSERT INTO EMPLOYEE_MST (EMPLOYEE_ID,EMPLOYEE_NM,BIRTH_DATE,SEX) VALUES ('E00000016', '杉田 武英'   , '1988-01-24' , '1' );
INSERT INTO EMPLOYEE_MST (EMPLOYEE_ID,EMPLOYEE_NM,BIRTH_DATE,SEX) VALUES ('E00000017', '黒沢 早紀'   , '1977-12-02' , '2' );
INSERT INTO EMPLOYEE_MST (EMPLOYEE_ID,EMPLOYEE_NM,BIRTH_DATE,SEX) VALUES ('E00000018', '山野 俊光'   , '1997-01-17' , '1' );
INSERT INTO EMPLOYEE_MST (EMPLOYEE_ID,EMPLOYEE_NM,BIRTH_DATE,SEX) VALUES ('E00000019', '板橋 良彦'   , '1984-12-30' , '1' );
INSERT INTO EMPLOYEE_MST (EMPLOYEE_ID,EMPLOYEE_NM,BIRTH_DATE,SEX) VALUES ('E00000020', '江原 千恵子' , '1992-11-22' , '2' );
INSERT INTO EMPLOYEE_MST (EMPLOYEE_ID,EMPLOYEE_NM,BIRTH_DATE,SEX) VALUES ('E00000021', '芦田 稔'     , '1959-04-19' , '1' );
INSERT INTO EMPLOYEE_MST (EMPLOYEE_ID,EMPLOYEE_NM,BIRTH_DATE,SEX) VALUES ('E00000022', '川上 利平'   , '1952-05-26' , '1' );
INSERT INTO EMPLOYEE_MST (EMPLOYEE_ID,EMPLOYEE_NM,BIRTH_DATE,SEX) VALUES ('E00000023', '佐川 博之'   , '1983-01-20' , '1' );
INSERT INTO EMPLOYEE_MST (EMPLOYEE_ID,EMPLOYEE_NM,BIRTH_DATE,SEX) VALUES ('E00000024', '持田 啓吾'   , '1991-08-27' , '1' );
INSERT INTO EMPLOYEE_MST (EMPLOYEE_ID,EMPLOYEE_NM,BIRTH_DATE,SEX) VALUES ('E00000025', '萩原 清人'   , '1970-09-26' , '1' );
INSERT INTO EMPLOYEE_MST (EMPLOYEE_ID,EMPLOYEE_NM,BIRTH_DATE,SEX) VALUES ('E00000026', '市川 英俊'   , '1973-11-14' , '1' );
INSERT INTO EMPLOYEE_MST (EMPLOYEE_ID,EMPLOYEE_NM,BIRTH_DATE,SEX) VALUES ('E00000027', '近藤 里歌'   , '1983-02-04' , '2' );
INSERT INTO EMPLOYEE_MST (EMPLOYEE_ID,EMPLOYEE_NM,BIRTH_DATE,SEX) VALUES ('E00000028', '福沢 蘭'     , '1978-07-08' , '2' );
INSERT INTO EMPLOYEE_MST (EMPLOYEE_ID,EMPLOYEE_NM,BIRTH_DATE,SEX) VALUES ('E00000029', '井村 篤'     , '1968-12-05' , '1' );
INSERT INTO EMPLOYEE_MST (EMPLOYEE_ID,EMPLOYEE_NM,BIRTH_DATE,SEX) VALUES ('E00000030', '丹羽 正行'   , '1961-04-09' , '1' );
INSERT INTO EMPLOYEE_MST (EMPLOYEE_ID,EMPLOYEE_NM,BIRTH_DATE,SEX) VALUES ('E00000031', '山根 有正'   , '1992-06-17' , '1' );
INSERT INTO EMPLOYEE_MST (EMPLOYEE_ID,EMPLOYEE_NM,BIRTH_DATE,SEX) VALUES ('E00000032', '浜 友一'     , '1970-08-08' , '1' );
INSERT INTO EMPLOYEE_MST (EMPLOYEE_ID,EMPLOYEE_NM,BIRTH_DATE,SEX) VALUES ('E00000033', '寺田 伸夫'   , '1990-10-07' , '1' );
INSERT INTO EMPLOYEE_MST (EMPLOYEE_ID,EMPLOYEE_NM,BIRTH_DATE,SEX) VALUES ('E00000034', '松井 吉夫'   , '1988-08-01' , '1' );
INSERT INTO EMPLOYEE_MST (EMPLOYEE_ID,EMPLOYEE_NM,BIRTH_DATE,SEX) VALUES ('E00000035', '岸本 知治'   , '1973-11-30' , '1' );
INSERT INTO EMPLOYEE_MST (EMPLOYEE_ID,EMPLOYEE_NM,BIRTH_DATE,SEX) VALUES ('E00000036', '市原 国夫'   , '1977-04-28' , '1' );
INSERT INTO EMPLOYEE_MST (EMPLOYEE_ID,EMPLOYEE_NM,BIRTH_DATE,SEX) VALUES ('E00000037', '鮫島 沙耶香' , '1974-04-26' , '2' );
INSERT INTO EMPLOYEE_MST (EMPLOYEE_ID,EMPLOYEE_NM,BIRTH_DATE,SEX) VALUES ('E00000038', '黒川 卓也'   , '1977-02-17' , '1' );
INSERT INTO EMPLOYEE_MST (EMPLOYEE_ID,EMPLOYEE_NM,BIRTH_DATE,SEX) VALUES ('E00000039', '渡邊 雅信'   , '1971-03-01' , '1' );
INSERT INTO EMPLOYEE_MST (EMPLOYEE_ID,EMPLOYEE_NM,BIRTH_DATE,SEX) VALUES ('E00000040', '砂川 陽香'   , '1972-09-19' , '2' );
INSERT INTO EMPLOYEE_MST (EMPLOYEE_ID,EMPLOYEE_NM,BIRTH_DATE,SEX) VALUES ('E00000041', '川端 昭雄'   , '1996-11-15' , '1' );
INSERT INTO EMPLOYEE_MST (EMPLOYEE_ID,EMPLOYEE_NM,BIRTH_DATE,SEX) VALUES ('E00000042', '和田 真奈'   , '1996-11-15' , '2' );
INSERT INTO EMPLOYEE_MST (EMPLOYEE_ID,EMPLOYEE_NM,BIRTH_DATE,SEX) VALUES ('E00000043', '小出 裕仁'   , '1974-12-11' , '1' );
INSERT INTO EMPLOYEE_MST (EMPLOYEE_ID,EMPLOYEE_NM,BIRTH_DATE,SEX) VALUES ('E00000044', '赤松 麻子'   , '1995-11-27' , '2' );
INSERT INTO EMPLOYEE_MST (EMPLOYEE_ID,EMPLOYEE_NM,BIRTH_DATE,SEX) VALUES ('E00000045', '落合 紗良'   , '1983-03-31' , '2' );
INSERT INTO EMPLOYEE_MST (EMPLOYEE_ID,EMPLOYEE_NM,BIRTH_DATE,SEX) VALUES ('E00000046', '岡崎 綾'     , '1994-02-24' , '2' );
INSERT INTO EMPLOYEE_MST (EMPLOYEE_ID,EMPLOYEE_NM,BIRTH_DATE,SEX) VALUES ('E00000047', '安井 奈穂'   , '1997-06-25' , '2' );
INSERT INTO EMPLOYEE_MST (EMPLOYEE_ID,EMPLOYEE_NM,BIRTH_DATE,SEX) VALUES ('E00000048', '白井 響'     , '1979-04-08' , '2' );
INSERT INTO EMPLOYEE_MST (EMPLOYEE_ID,EMPLOYEE_NM,BIRTH_DATE,SEX) VALUES ('E00000049', '麻生 賢司'   , '1986-12-23' , '1' );
INSERT INTO EMPLOYEE_MST (EMPLOYEE_ID,EMPLOYEE_NM,BIRTH_DATE,SEX) VALUES ('E00000050', '村山 雄也'   , '1991-03-02' , '1' );



#[ EMPLOYEE_ENROLLMENT（社員在籍状況テーブル） ]
CREATE TABLE EMPLOYEE_ENROLLMENT(EMPLOYEE_ID CHAR(9) NOT NULL PRIMARY KEY, ENTERING_DATE DATE NOT NULL, RETIREMENT_DATE DATE, RETIRED_FLG INT(1) DEFAULT 0);
INSERT INTO EMPLOYEE_ENROLLMENT (EMPLOYEE_ID,ENTERING_DATE,RETIREMENT_DATE,RETIRED_FLG) VALUES ('E00000001' , '1966-12-08' , '2006-02-02' , 1);
INSERT INTO EMPLOYEE_ENROLLMENT (EMPLOYEE_ID,ENTERING_DATE,RETIREMENT_DATE,RETIRED_FLG) VALUES ('E00000002' , '1964-05-21' , '2004-07-31' , 1);
INSERT INTO EMPLOYEE_ENROLLMENT (EMPLOYEE_ID,ENTERING_DATE,RETIREMENT_DATE,RETIRED_FLG) VALUES ('E00000003' , '1965-09-25' , '2005-07-03' , 1);
INSERT INTO EMPLOYEE_ENROLLMENT (EMPLOYEE_ID,ENTERING_DATE,RETIREMENT_DATE,RETIRED_FLG) VALUES ('E00000004' , '1984-07-22' , NULL         , 0);
INSERT INTO EMPLOYEE_ENROLLMENT (EMPLOYEE_ID,ENTERING_DATE,RETIREMENT_DATE,RETIRED_FLG) VALUES ('E00000005' , '1962-08-27' , '2002-01-24' , 1);
INSERT INTO EMPLOYEE_ENROLLMENT (EMPLOYEE_ID,ENTERING_DATE,RETIREMENT_DATE,RETIRED_FLG) VALUES ('E00000006' , '1983-03-14' , NULL         , 0);
INSERT INTO EMPLOYEE_ENROLLMENT (EMPLOYEE_ID,ENTERING_DATE,RETIREMENT_DATE,RETIRED_FLG) VALUES ('E00000007' , '1963-08-22' , '2003-01-17' , 1);
INSERT INTO EMPLOYEE_ENROLLMENT (EMPLOYEE_ID,ENTERING_DATE,RETIREMENT_DATE,RETIRED_FLG) VALUES ('E00000008' , '1981-06-15' , '2014-04-02' , 1);
INSERT INTO EMPLOYEE_ENROLLMENT (EMPLOYEE_ID,ENTERING_DATE,RETIREMENT_DATE,RETIRED_FLG) VALUES ('E00000009' , '1978-11-02' , NULL         , 0);
INSERT INTO EMPLOYEE_ENROLLMENT (EMPLOYEE_ID,ENTERING_DATE,RETIREMENT_DATE,RETIRED_FLG) VALUES ('E00000010' , '1959-12-23' , '1999-04-19' , 1);
INSERT INTO EMPLOYEE_ENROLLMENT (EMPLOYEE_ID,ENTERING_DATE,RETIREMENT_DATE,RETIRED_FLG) VALUES ('E00000011' , '1999-11-15' , NULL         , 0);
INSERT INTO EMPLOYEE_ENROLLMENT (EMPLOYEE_ID,ENTERING_DATE,RETIREMENT_DATE,RETIRED_FLG) VALUES ('E00000012' , '2008-02-02' , NULL         , 0);
INSERT INTO EMPLOYEE_ENROLLMENT (EMPLOYEE_ID,ENTERING_DATE,RETIREMENT_DATE,RETIRED_FLG) VALUES ('E00000013' , '2004-07-31' , NULL         , 0);
INSERT INTO EMPLOYEE_ENROLLMENT (EMPLOYEE_ID,ENTERING_DATE,RETIREMENT_DATE,RETIRED_FLG) VALUES ('E00000014' , '1996-07-03' , NULL         , 0);
INSERT INTO EMPLOYEE_ENROLLMENT (EMPLOYEE_ID,ENTERING_DATE,RETIREMENT_DATE,RETIRED_FLG) VALUES ('E00000015' , '2009-01-02' , '2009-05-02' , 1);
INSERT INTO EMPLOYEE_ENROLLMENT (EMPLOYEE_ID,ENTERING_DATE,RETIREMENT_DATE,RETIRED_FLG) VALUES ('E00000016' , '2006-01-24' , NULL         , 0);
INSERT INTO EMPLOYEE_ENROLLMENT (EMPLOYEE_ID,ENTERING_DATE,RETIREMENT_DATE,RETIRED_FLG) VALUES ('E00000017' , '1995-12-02' , NULL         , 0);
INSERT INTO EMPLOYEE_ENROLLMENT (EMPLOYEE_ID,ENTERING_DATE,RETIREMENT_DATE,RETIRED_FLG) VALUES ('E00000018' , '2015-01-17' , NULL         , 0);
INSERT INTO EMPLOYEE_ENROLLMENT (EMPLOYEE_ID,ENTERING_DATE,RETIREMENT_DATE,RETIRED_FLG) VALUES ('E00000019' , '2002-12-30' , NULL         , 0);
INSERT INTO EMPLOYEE_ENROLLMENT (EMPLOYEE_ID,ENTERING_DATE,RETIREMENT_DATE,RETIRED_FLG) VALUES ('E00000020' , '2010-11-22' , NULL         , 0);
INSERT INTO EMPLOYEE_ENROLLMENT (EMPLOYEE_ID,ENTERING_DATE,RETIREMENT_DATE,RETIRED_FLG) VALUES ('E00000021' , '1977-04-19' , NULL         , 0);
INSERT INTO EMPLOYEE_ENROLLMENT (EMPLOYEE_ID,ENTERING_DATE,RETIREMENT_DATE,RETIRED_FLG) VALUES ('E00000022' , '1970-05-26' , '2010-10-07' , 1);
INSERT INTO EMPLOYEE_ENROLLMENT (EMPLOYEE_ID,ENTERING_DATE,RETIREMENT_DATE,RETIRED_FLG) VALUES ('E00000023' , '2001-01-20' , NULL         , 0);
INSERT INTO EMPLOYEE_ENROLLMENT (EMPLOYEE_ID,ENTERING_DATE,RETIREMENT_DATE,RETIRED_FLG) VALUES ('E00000024' , '2009-08-27' , NULL         , 0);
INSERT INTO EMPLOYEE_ENROLLMENT (EMPLOYEE_ID,ENTERING_DATE,RETIREMENT_DATE,RETIRED_FLG) VALUES ('E00000025' , '1988-09-26' , NULL         , 0);
INSERT INTO EMPLOYEE_ENROLLMENT (EMPLOYEE_ID,ENTERING_DATE,RETIREMENT_DATE,RETIRED_FLG) VALUES ('E00000026' , '1991-11-14' , NULL         , 0);
INSERT INTO EMPLOYEE_ENROLLMENT (EMPLOYEE_ID,ENTERING_DATE,RETIREMENT_DATE,RETIRED_FLG) VALUES ('E00000027' , '2001-02-04' , NULL         , 0);
INSERT INTO EMPLOYEE_ENROLLMENT (EMPLOYEE_ID,ENTERING_DATE,RETIREMENT_DATE,RETIRED_FLG) VALUES ('E00000028' , '1998-07-08' , NULL         , 0);
INSERT INTO EMPLOYEE_ENROLLMENT (EMPLOYEE_ID,ENTERING_DATE,RETIREMENT_DATE,RETIRED_FLG) VALUES ('E00000029' , '1988-12-05' , NULL         , 0);
INSERT INTO EMPLOYEE_ENROLLMENT (EMPLOYEE_ID,ENTERING_DATE,RETIREMENT_DATE,RETIRED_FLG) VALUES ('E00000030' , '1981-04-09' , '2013-09-15' , 1);
INSERT INTO EMPLOYEE_ENROLLMENT (EMPLOYEE_ID,ENTERING_DATE,RETIREMENT_DATE,RETIRED_FLG) VALUES ('E00000031' , '2012-06-17' , NULL         , 0);
INSERT INTO EMPLOYEE_ENROLLMENT (EMPLOYEE_ID,ENTERING_DATE,RETIREMENT_DATE,RETIRED_FLG) VALUES ('E00000032' , '1990-08-08' , '2004-07-31' , 1);
INSERT INTO EMPLOYEE_ENROLLMENT (EMPLOYEE_ID,ENTERING_DATE,RETIREMENT_DATE,RETIRED_FLG) VALUES ('E00000033' , '2010-10-07' , NULL         , 0);
INSERT INTO EMPLOYEE_ENROLLMENT (EMPLOYEE_ID,ENTERING_DATE,RETIREMENT_DATE,RETIRED_FLG) VALUES ('E00000034' , '2010-08-01' , NULL         , 0);
INSERT INTO EMPLOYEE_ENROLLMENT (EMPLOYEE_ID,ENTERING_DATE,RETIREMENT_DATE,RETIRED_FLG) VALUES ('E00000035' , '1995-11-30' , NULL         , 0);
INSERT INTO EMPLOYEE_ENROLLMENT (EMPLOYEE_ID,ENTERING_DATE,RETIREMENT_DATE,RETIRED_FLG) VALUES ('E00000036' , '1999-04-28' , NULL         , 0);
INSERT INTO EMPLOYEE_ENROLLMENT (EMPLOYEE_ID,ENTERING_DATE,RETIREMENT_DATE,RETIRED_FLG) VALUES ('E00000037' , '1996-04-26' , NULL         , 0);
INSERT INTO EMPLOYEE_ENROLLMENT (EMPLOYEE_ID,ENTERING_DATE,RETIREMENT_DATE,RETIRED_FLG) VALUES ('E00000038' , '1999-02-17' , NULL         , 0);
INSERT INTO EMPLOYEE_ENROLLMENT (EMPLOYEE_ID,ENTERING_DATE,RETIREMENT_DATE,RETIRED_FLG) VALUES ('E00000039' , '1993-03-01' , NULL         , 0);
INSERT INTO EMPLOYEE_ENROLLMENT (EMPLOYEE_ID,ENTERING_DATE,RETIREMENT_DATE,RETIRED_FLG) VALUES ('E00000040' , '1994-09-19' , NULL         , 0);
INSERT INTO EMPLOYEE_ENROLLMENT (EMPLOYEE_ID,ENTERING_DATE,RETIREMENT_DATE,RETIRED_FLG) VALUES ('E00000041' , '2016-11-15' , NULL         , 0);
INSERT INTO EMPLOYEE_ENROLLMENT (EMPLOYEE_ID,ENTERING_DATE,RETIREMENT_DATE,RETIRED_FLG) VALUES ('E00000042' , '2016-11-15' , NULL         , 0);
INSERT INTO EMPLOYEE_ENROLLMENT (EMPLOYEE_ID,ENTERING_DATE,RETIREMENT_DATE,RETIRED_FLG) VALUES ('E00000043' , '1994-12-11' , NULL         , 0);
INSERT INTO EMPLOYEE_ENROLLMENT (EMPLOYEE_ID,ENTERING_DATE,RETIREMENT_DATE,RETIRED_FLG) VALUES ('E00000044' , '2015-11-27' , NULL         , 0);
INSERT INTO EMPLOYEE_ENROLLMENT (EMPLOYEE_ID,ENTERING_DATE,RETIREMENT_DATE,RETIRED_FLG) VALUES ('E00000045' , '2003-03-31' , NULL         , 0);
INSERT INTO EMPLOYEE_ENROLLMENT (EMPLOYEE_ID,ENTERING_DATE,RETIREMENT_DATE,RETIRED_FLG) VALUES ('E00000046' , '2014-02-24' , NULL         , 0);
INSERT INTO EMPLOYEE_ENROLLMENT (EMPLOYEE_ID,ENTERING_DATE,RETIREMENT_DATE,RETIRED_FLG) VALUES ('E00000047' , '2016-06-25' , NULL         , 0);
INSERT INTO EMPLOYEE_ENROLLMENT (EMPLOYEE_ID,ENTERING_DATE,RETIREMENT_DATE,RETIRED_FLG) VALUES ('E00000048' , '1999-04-08' , '2014-05-24' , 1);
INSERT INTO EMPLOYEE_ENROLLMENT (EMPLOYEE_ID,ENTERING_DATE,RETIREMENT_DATE,RETIRED_FLG) VALUES ('E00000049' , '2006-12-23' , NULL         , 0);
INSERT INTO EMPLOYEE_ENROLLMENT (EMPLOYEE_ID,ENTERING_DATE,RETIREMENT_DATE,RETIRED_FLG) VALUES ('E00000050' , '2011-03-02' , NULL         , 0);



#[ EMPLOYEE_CAREER_HST（社員経歴履歴テーブル） ]
CREATE TABLE EMPLOYEE_CAREER_HST(EMPLOYEE_ID CHAR(9) NOT NULL, CAREER_HST_NO INT(3) NOT NULL, START_DATE DATE NOT NULL, FINISH_DATE DATE , DIVISION_CD CHAR(4) NOT NULL, PRIMARY KEY(EMPLOYEE_ID, CAREER_HST_NO));
INSERT INTO EMPLOYEE_CAREER_HST (EMPLOYEE_ID,CAREER_HST_NO,START_DATE,FINISH_DATE,DIVISION_CD) VALUES ('E00000001' , 1 , '1966-12-08' , '1969-12-08' , 'D001');
INSERT INTO EMPLOYEE_CAREER_HST (EMPLOYEE_ID,CAREER_HST_NO,START_DATE,FINISH_DATE,DIVISION_CD) VALUES ('E00000001' , 2 , '1969-12-09' , '1973-12-09' , 'D003');
INSERT INTO EMPLOYEE_CAREER_HST (EMPLOYEE_ID,CAREER_HST_NO,START_DATE,FINISH_DATE,DIVISION_CD) VALUES ('E00000001' , 3 , '1973-12-10' , '1982-12-10' , 'D002');
INSERT INTO EMPLOYEE_CAREER_HST (EMPLOYEE_ID,CAREER_HST_NO,START_DATE,FINISH_DATE,DIVISION_CD) VALUES ('E00000001' , 4 , '1982-12-11' , '1988-12-11' , 'D001');
INSERT INTO EMPLOYEE_CAREER_HST (EMPLOYEE_ID,CAREER_HST_NO,START_DATE,FINISH_DATE,DIVISION_CD) VALUES ('E00000001' , 5 , '1988-12-12' , '1994-12-12' , 'D004');
INSERT INTO EMPLOYEE_CAREER_HST (EMPLOYEE_ID,CAREER_HST_NO,START_DATE,FINISH_DATE,DIVISION_CD) VALUES ('E00000001' , 6 , '1994-12-13' , '2001-12-13' , 'D001');
INSERT INTO EMPLOYEE_CAREER_HST (EMPLOYEE_ID,CAREER_HST_NO,START_DATE,FINISH_DATE,DIVISION_CD) VALUES ('E00000001' , 7 , '2001-12-14' , '2006-02-02' , 'D002');
INSERT INTO EMPLOYEE_CAREER_HST (EMPLOYEE_ID,CAREER_HST_NO,START_DATE,FINISH_DATE,DIVISION_CD) VALUES ('E00000002' , 1 , '1964-05-21' , '1967-05-21' , 'D004');
INSERT INTO EMPLOYEE_CAREER_HST (EMPLOYEE_ID,CAREER_HST_NO,START_DATE,FINISH_DATE,DIVISION_CD) VALUES ('E00000002' , 2 , '1967-05-22' , '1972-05-22' , 'D001');
INSERT INTO EMPLOYEE_CAREER_HST (EMPLOYEE_ID,CAREER_HST_NO,START_DATE,FINISH_DATE,DIVISION_CD) VALUES ('E00000002' , 3 , '1972-05-23' , '1979-05-23' , 'D004');
INSERT INTO EMPLOYEE_CAREER_HST (EMPLOYEE_ID,CAREER_HST_NO,START_DATE,FINISH_DATE,DIVISION_CD) VALUES ('E00000002' , 4 , '1979-05-24' , '1986-05-24' , 'D001');
INSERT INTO EMPLOYEE_CAREER_HST (EMPLOYEE_ID,CAREER_HST_NO,START_DATE,FINISH_DATE,DIVISION_CD) VALUES ('E00000002' , 5 , '1986-05-25' , '1995-05-25' , 'D004');
INSERT INTO EMPLOYEE_CAREER_HST (EMPLOYEE_ID,CAREER_HST_NO,START_DATE,FINISH_DATE,DIVISION_CD) VALUES ('E00000002' , 6 , '1995-05-26' , '2001-05-26' , 'D003');
INSERT INTO EMPLOYEE_CAREER_HST (EMPLOYEE_ID,CAREER_HST_NO,START_DATE,FINISH_DATE,DIVISION_CD) VALUES ('E00000002' , 7 , '2001-05-27' , '2004-07-31' , 'D005');
INSERT INTO EMPLOYEE_CAREER_HST (EMPLOYEE_ID,CAREER_HST_NO,START_DATE,FINISH_DATE,DIVISION_CD) VALUES ('E00000003' , 1 , '1965-09-25' , '1968-09-25' , 'D005');
INSERT INTO EMPLOYEE_CAREER_HST (EMPLOYEE_ID,CAREER_HST_NO,START_DATE,FINISH_DATE,DIVISION_CD) VALUES ('E00000003' , 2 , '1968-09-26' , '1977-09-26' , 'D002');
INSERT INTO EMPLOYEE_CAREER_HST (EMPLOYEE_ID,CAREER_HST_NO,START_DATE,FINISH_DATE,DIVISION_CD) VALUES ('E00000003' , 3 , '1977-09-27' , '1983-09-27' , 'D001');
INSERT INTO EMPLOYEE_CAREER_HST (EMPLOYEE_ID,CAREER_HST_NO,START_DATE,FINISH_DATE,DIVISION_CD) VALUES ('E00000003' , 4 , '1983-09-28' , '1991-09-28' , 'D003');
INSERT INTO EMPLOYEE_CAREER_HST (EMPLOYEE_ID,CAREER_HST_NO,START_DATE,FINISH_DATE,DIVISION_CD) VALUES ('E00000003' , 5 , '1991-09-29' , '1999-09-29' , 'D005');
INSERT INTO EMPLOYEE_CAREER_HST (EMPLOYEE_ID,CAREER_HST_NO,START_DATE,FINISH_DATE,DIVISION_CD) VALUES ('E00000003' , 6 , '1999-09-30' , '2005-07-03' , 'D002');
INSERT INTO EMPLOYEE_CAREER_HST (EMPLOYEE_ID,CAREER_HST_NO,START_DATE,FINISH_DATE,DIVISION_CD) VALUES ('E00000004' , 1 , '1984-07-22' , '1987-07-22' , 'D001');
INSERT INTO EMPLOYEE_CAREER_HST (EMPLOYEE_ID,CAREER_HST_NO,START_DATE,FINISH_DATE,DIVISION_CD) VALUES ('E00000004' , 2 , '1987-07-23' , '1993-07-23' , 'D004');
INSERT INTO EMPLOYEE_CAREER_HST (EMPLOYEE_ID,CAREER_HST_NO,START_DATE,FINISH_DATE,DIVISION_CD) VALUES ('E00000004' , 3 , '1993-07-24' , '1999-07-24' , 'D001');
INSERT INTO EMPLOYEE_CAREER_HST (EMPLOYEE_ID,CAREER_HST_NO,START_DATE,FINISH_DATE,DIVISION_CD) VALUES ('E00000004' , 4 , '1999-07-25' , '2004-07-25' , 'D002');
INSERT INTO EMPLOYEE_CAREER_HST (EMPLOYEE_ID,CAREER_HST_NO,START_DATE,FINISH_DATE,DIVISION_CD) VALUES ('E00000004' , 5 , '2004-07-26' , '2009-07-26' , 'D003');
INSERT INTO EMPLOYEE_CAREER_HST (EMPLOYEE_ID,CAREER_HST_NO,START_DATE,FINISH_DATE,DIVISION_CD) VALUES ('E00000004' , 6 , '2009-07-27' , '2013-07-27' , 'D004');
INSERT INTO EMPLOYEE_CAREER_HST (EMPLOYEE_ID,CAREER_HST_NO,START_DATE,FINISH_DATE,DIVISION_CD) VALUES ('E00000004' , 7 , '2013-07-28' , NULL         , 'D002');
INSERT INTO EMPLOYEE_CAREER_HST (EMPLOYEE_ID,CAREER_HST_NO,START_DATE,FINISH_DATE,DIVISION_CD) VALUES ('E00000005' , 1 , '1962-08-27' , '1965-08-27' , 'D001');
INSERT INTO EMPLOYEE_CAREER_HST (EMPLOYEE_ID,CAREER_HST_NO,START_DATE,FINISH_DATE,DIVISION_CD) VALUES ('E00000005' , 2 , '1965-08-28' , '1972-08-28' , 'D003');
INSERT INTO EMPLOYEE_CAREER_HST (EMPLOYEE_ID,CAREER_HST_NO,START_DATE,FINISH_DATE,DIVISION_CD) VALUES ('E00000005' , 3 , '1972-08-29' , '1977-08-29' , 'D002');
INSERT INTO EMPLOYEE_CAREER_HST (EMPLOYEE_ID,CAREER_HST_NO,START_DATE,FINISH_DATE,DIVISION_CD) VALUES ('E00000005' , 4 , '1977-08-30' , '1986-08-30' , 'D001');
INSERT INTO EMPLOYEE_CAREER_HST (EMPLOYEE_ID,CAREER_HST_NO,START_DATE,FINISH_DATE,DIVISION_CD) VALUES ('E00000005' , 5 , '1986-08-31' , '1994-08-31' , 'D004');
INSERT INTO EMPLOYEE_CAREER_HST (EMPLOYEE_ID,CAREER_HST_NO,START_DATE,FINISH_DATE,DIVISION_CD) VALUES ('E00000005' , 6 , '1994-09-01' , '1998-09-01' , 'D002');
INSERT INTO EMPLOYEE_CAREER_HST (EMPLOYEE_ID,CAREER_HST_NO,START_DATE,FINISH_DATE,DIVISION_CD) VALUES ('E00000005' , 7 , '1998-09-02' , '2002-01-24' , 'D003');
INSERT INTO EMPLOYEE_CAREER_HST (EMPLOYEE_ID,CAREER_HST_NO,START_DATE,FINISH_DATE,DIVISION_CD) VALUES ('E00000006' , 1 , '1983-03-14' , '1986-03-14' , 'D003');
INSERT INTO EMPLOYEE_CAREER_HST (EMPLOYEE_ID,CAREER_HST_NO,START_DATE,FINISH_DATE,DIVISION_CD) VALUES ('E00000006' , 2 , '1986-03-15' , '1990-03-15' , 'D004');
INSERT INTO EMPLOYEE_CAREER_HST (EMPLOYEE_ID,CAREER_HST_NO,START_DATE,FINISH_DATE,DIVISION_CD) VALUES ('E00000006' , 3 , '1990-03-16' , '1994-03-16' , 'D003');
INSERT INTO EMPLOYEE_CAREER_HST (EMPLOYEE_ID,CAREER_HST_NO,START_DATE,FINISH_DATE,DIVISION_CD) VALUES ('E00000006' , 4 , '1994-03-17' , '1998-03-17' , 'D001');
INSERT INTO EMPLOYEE_CAREER_HST (EMPLOYEE_ID,CAREER_HST_NO,START_DATE,FINISH_DATE,DIVISION_CD) VALUES ('E00000006' , 5 , '1998-03-18' , '2007-03-18' , 'D002');
INSERT INTO EMPLOYEE_CAREER_HST (EMPLOYEE_ID,CAREER_HST_NO,START_DATE,FINISH_DATE,DIVISION_CD) VALUES ('E00000006' , 6 , '2007-03-19' , '2016-03-19' , 'D005');
INSERT INTO EMPLOYEE_CAREER_HST (EMPLOYEE_ID,CAREER_HST_NO,START_DATE,FINISH_DATE,DIVISION_CD) VALUES ('E00000006' , 7 , '2016-03-20' , NULL         , 'D003');
INSERT INTO EMPLOYEE_CAREER_HST (EMPLOYEE_ID,CAREER_HST_NO,START_DATE,FINISH_DATE,DIVISION_CD) VALUES ('E00000007' , 1 , '1963-08-22' , '1966-08-22' , 'D003');
INSERT INTO EMPLOYEE_CAREER_HST (EMPLOYEE_ID,CAREER_HST_NO,START_DATE,FINISH_DATE,DIVISION_CD) VALUES ('E00000007' , 2 , '1966-08-23' , '1970-08-23' , 'D005');
INSERT INTO EMPLOYEE_CAREER_HST (EMPLOYEE_ID,CAREER_HST_NO,START_DATE,FINISH_DATE,DIVISION_CD) VALUES ('E00000007' , 3 , '1970-08-24' , '1976-08-24' , 'D002');
INSERT INTO EMPLOYEE_CAREER_HST (EMPLOYEE_ID,CAREER_HST_NO,START_DATE,FINISH_DATE,DIVISION_CD) VALUES ('E00000007' , 4 , '1976-08-25' , '1982-08-25' , 'D005');
INSERT INTO EMPLOYEE_CAREER_HST (EMPLOYEE_ID,CAREER_HST_NO,START_DATE,FINISH_DATE,DIVISION_CD) VALUES ('E00000007' , 5 , '1982-08-26' , '1989-08-26' , 'D001');
INSERT INTO EMPLOYEE_CAREER_HST (EMPLOYEE_ID,CAREER_HST_NO,START_DATE,FINISH_DATE,DIVISION_CD) VALUES ('E00000007' , 6 , '1989-08-27' , '1993-08-27' , 'D003');
INSERT INTO EMPLOYEE_CAREER_HST (EMPLOYEE_ID,CAREER_HST_NO,START_DATE,FINISH_DATE,DIVISION_CD) VALUES ('E00000007' , 7 , '1993-08-28' , '1999-08-28' , 'D002');
INSERT INTO EMPLOYEE_CAREER_HST (EMPLOYEE_ID,CAREER_HST_NO,START_DATE,FINISH_DATE,DIVISION_CD) VALUES ('E00000007' , 8 , '1999-08-29' , '2003-01-17' , 'D005');
INSERT INTO EMPLOYEE_CAREER_HST (EMPLOYEE_ID,CAREER_HST_NO,START_DATE,FINISH_DATE,DIVISION_CD) VALUES ('E00000008' , 1 , '1981-06-15' , '1984-06-15' , 'D002');
INSERT INTO EMPLOYEE_CAREER_HST (EMPLOYEE_ID,CAREER_HST_NO,START_DATE,FINISH_DATE,DIVISION_CD) VALUES ('E00000008' , 2 , '1984-06-16' , '1988-06-16' , 'D003');
INSERT INTO EMPLOYEE_CAREER_HST (EMPLOYEE_ID,CAREER_HST_NO,START_DATE,FINISH_DATE,DIVISION_CD) VALUES ('E00000008' , 3 , '1988-06-17' , '1992-06-17' , 'D001');
INSERT INTO EMPLOYEE_CAREER_HST (EMPLOYEE_ID,CAREER_HST_NO,START_DATE,FINISH_DATE,DIVISION_CD) VALUES ('E00000008' , 4 , '1992-06-18' , '1999-06-18' , 'D003');
INSERT INTO EMPLOYEE_CAREER_HST (EMPLOYEE_ID,CAREER_HST_NO,START_DATE,FINISH_DATE,DIVISION_CD) VALUES ('E00000008' , 5 , '1999-06-19' , '2005-06-19' , 'D004');
INSERT INTO EMPLOYEE_CAREER_HST (EMPLOYEE_ID,CAREER_HST_NO,START_DATE,FINISH_DATE,DIVISION_CD) VALUES ('E00000008' , 6 , '2005-06-20' , '2009-06-20' , 'D003');
INSERT INTO EMPLOYEE_CAREER_HST (EMPLOYEE_ID,CAREER_HST_NO,START_DATE,FINISH_DATE,DIVISION_CD) VALUES ('E00000008' , 7 , '2009-06-21' , '2014-04-02' , 'D001');
INSERT INTO EMPLOYEE_CAREER_HST (EMPLOYEE_ID,CAREER_HST_NO,START_DATE,FINISH_DATE,DIVISION_CD) VALUES ('E00000009' , 1 , '1978-11-02' , '1981-11-02' , 'D004');
INSERT INTO EMPLOYEE_CAREER_HST (EMPLOYEE_ID,CAREER_HST_NO,START_DATE,FINISH_DATE,DIVISION_CD) VALUES ('E00000009' , 2 , '1981-11-03' , '1986-11-03' , 'D001');
INSERT INTO EMPLOYEE_CAREER_HST (EMPLOYEE_ID,CAREER_HST_NO,START_DATE,FINISH_DATE,DIVISION_CD) VALUES ('E00000009' , 3 , '1986-11-04' , '1993-11-04' , 'D002');
INSERT INTO EMPLOYEE_CAREER_HST (EMPLOYEE_ID,CAREER_HST_NO,START_DATE,FINISH_DATE,DIVISION_CD) VALUES ('E00000009' , 4 , '1993-11-05' , '1997-11-05' , 'D004');
INSERT INTO EMPLOYEE_CAREER_HST (EMPLOYEE_ID,CAREER_HST_NO,START_DATE,FINISH_DATE,DIVISION_CD) VALUES ('E00000009' , 5 , '1997-11-06' , '2003-11-06' , 'D002');
INSERT INTO EMPLOYEE_CAREER_HST (EMPLOYEE_ID,CAREER_HST_NO,START_DATE,FINISH_DATE,DIVISION_CD) VALUES ('E00000009' , 6 , '2003-11-07' , '2008-11-07' , 'D001');
INSERT INTO EMPLOYEE_CAREER_HST (EMPLOYEE_ID,CAREER_HST_NO,START_DATE,FINISH_DATE,DIVISION_CD) VALUES ('E00000009' , 7 , '2008-11-08' , '2014-11-08' , 'D002');
INSERT INTO EMPLOYEE_CAREER_HST (EMPLOYEE_ID,CAREER_HST_NO,START_DATE,FINISH_DATE,DIVISION_CD) VALUES ('E00000009' , 8 , '2014-11-09' , NULL         , 'D004');
INSERT INTO EMPLOYEE_CAREER_HST (EMPLOYEE_ID,CAREER_HST_NO,START_DATE,FINISH_DATE,DIVISION_CD) VALUES ('E00000010' , 1 , '1959-12-23' , '1962-12-23' , 'D003');
INSERT INTO EMPLOYEE_CAREER_HST (EMPLOYEE_ID,CAREER_HST_NO,START_DATE,FINISH_DATE,DIVISION_CD) VALUES ('E00000010' , 2 , '1962-12-24' , '1968-12-24' , 'D002');
INSERT INTO EMPLOYEE_CAREER_HST (EMPLOYEE_ID,CAREER_HST_NO,START_DATE,FINISH_DATE,DIVISION_CD) VALUES ('E00000010' , 3 , '1968-12-25' , '1975-12-25' , 'D001');
INSERT INTO EMPLOYEE_CAREER_HST (EMPLOYEE_ID,CAREER_HST_NO,START_DATE,FINISH_DATE,DIVISION_CD) VALUES ('E00000010' , 4 , '1975-12-26' , '1982-12-26' , 'D003');
INSERT INTO EMPLOYEE_CAREER_HST (EMPLOYEE_ID,CAREER_HST_NO,START_DATE,FINISH_DATE,DIVISION_CD) VALUES ('E00000010' , 5 , '1982-12-27' , '1987-12-27' , 'D004');
INSERT INTO EMPLOYEE_CAREER_HST (EMPLOYEE_ID,CAREER_HST_NO,START_DATE,FINISH_DATE,DIVISION_CD) VALUES ('E00000010' , 6 , '1987-12-28' , '1992-12-28' , 'D001');
INSERT INTO EMPLOYEE_CAREER_HST (EMPLOYEE_ID,CAREER_HST_NO,START_DATE,FINISH_DATE,DIVISION_CD) VALUES ('E00000010' , 7 , '1992-12-29' , '1996-12-29' , 'D002');
INSERT INTO EMPLOYEE_CAREER_HST (EMPLOYEE_ID,CAREER_HST_NO,START_DATE,FINISH_DATE,DIVISION_CD) VALUES ('E00000010' , 8 , '1996-12-30' , '1999-04-19' , 'D004');
INSERT INTO EMPLOYEE_CAREER_HST (EMPLOYEE_ID,CAREER_HST_NO,START_DATE,FINISH_DATE,DIVISION_CD) VALUES ('E00000011' , 1 , '1999-11-15' , '2002-11-15' , 'D003');
INSERT INTO EMPLOYEE_CAREER_HST (EMPLOYEE_ID,CAREER_HST_NO,START_DATE,FINISH_DATE,DIVISION_CD) VALUES ('E00000011' , 2 , '2002-11-16' , '2008-11-16' , 'D005');
INSERT INTO EMPLOYEE_CAREER_HST (EMPLOYEE_ID,CAREER_HST_NO,START_DATE,FINISH_DATE,DIVISION_CD) VALUES ('E00000011' , 3 , '2008-11-17' , '2013-11-17' , 'D001');
INSERT INTO EMPLOYEE_CAREER_HST (EMPLOYEE_ID,CAREER_HST_NO,START_DATE,FINISH_DATE,DIVISION_CD) VALUES ('E00000011' , 4 , '2013-11-18' , NULL         , 'D002');
INSERT INTO EMPLOYEE_CAREER_HST (EMPLOYEE_ID,CAREER_HST_NO,START_DATE,FINISH_DATE,DIVISION_CD) VALUES ('E00000012' , 1 , '2008-02-02' , '2011-02-02' , 'D002');
INSERT INTO EMPLOYEE_CAREER_HST (EMPLOYEE_ID,CAREER_HST_NO,START_DATE,FINISH_DATE,DIVISION_CD) VALUES ('E00000012' , 2 , '2011-02-03' , NULL         , 'D001');
INSERT INTO EMPLOYEE_CAREER_HST (EMPLOYEE_ID,CAREER_HST_NO,START_DATE,FINISH_DATE,DIVISION_CD) VALUES ('E00000013' , 1 , '2004-07-31' , '2007-07-31' , 'D001');
INSERT INTO EMPLOYEE_CAREER_HST (EMPLOYEE_ID,CAREER_HST_NO,START_DATE,FINISH_DATE,DIVISION_CD) VALUES ('E00000013' , 2 , '2007-08-01' , '2014-08-01' , 'D003');
INSERT INTO EMPLOYEE_CAREER_HST (EMPLOYEE_ID,CAREER_HST_NO,START_DATE,FINISH_DATE,DIVISION_CD) VALUES ('E00000013' , 3 , '2014-08-02' , NULL         , 'D001');
INSERT INTO EMPLOYEE_CAREER_HST (EMPLOYEE_ID,CAREER_HST_NO,START_DATE,FINISH_DATE,DIVISION_CD) VALUES ('E00000014' , 1 , '1996-07-03' , '1999-07-03' , 'D003');
INSERT INTO EMPLOYEE_CAREER_HST (EMPLOYEE_ID,CAREER_HST_NO,START_DATE,FINISH_DATE,DIVISION_CD) VALUES ('E00000014' , 2 , '1999-07-04' , '2007-07-04' , 'D002');
INSERT INTO EMPLOYEE_CAREER_HST (EMPLOYEE_ID,CAREER_HST_NO,START_DATE,FINISH_DATE,DIVISION_CD) VALUES ('E00000014' , 3 , '2007-07-05' , '2011-07-05' , 'D001');
INSERT INTO EMPLOYEE_CAREER_HST (EMPLOYEE_ID,CAREER_HST_NO,START_DATE,FINISH_DATE,DIVISION_CD) VALUES ('E00000014' , 4 , '2011-07-06' , NULL         , 'D003');
INSERT INTO EMPLOYEE_CAREER_HST (EMPLOYEE_ID,CAREER_HST_NO,START_DATE,FINISH_DATE,DIVISION_CD) VALUES ('E00000015' , 1 , '2009-01-02' , '2009-05-02' , 'D004');
INSERT INTO EMPLOYEE_CAREER_HST (EMPLOYEE_ID,CAREER_HST_NO,START_DATE,FINISH_DATE,DIVISION_CD) VALUES ('E00000016' , 1 , '2006-01-24' , '2009-01-24' , 'D001');
INSERT INTO EMPLOYEE_CAREER_HST (EMPLOYEE_ID,CAREER_HST_NO,START_DATE,FINISH_DATE,DIVISION_CD) VALUES ('E00000016' , 2 , '2009-01-25' , '2015-01-25' , 'D005');
INSERT INTO EMPLOYEE_CAREER_HST (EMPLOYEE_ID,CAREER_HST_NO,START_DATE,FINISH_DATE,DIVISION_CD) VALUES ('E00000016' , 3 , '2015-01-26' , NULL         , 'D001');
INSERT INTO EMPLOYEE_CAREER_HST (EMPLOYEE_ID,CAREER_HST_NO,START_DATE,FINISH_DATE,DIVISION_CD) VALUES ('E00000017' , 1 , '1995-12-02' , '1998-12-02' , 'D002');
INSERT INTO EMPLOYEE_CAREER_HST (EMPLOYEE_ID,CAREER_HST_NO,START_DATE,FINISH_DATE,DIVISION_CD) VALUES ('E00000017' , 2 , '1998-12-03' , '2002-12-03' , 'D001');
INSERT INTO EMPLOYEE_CAREER_HST (EMPLOYEE_ID,CAREER_HST_NO,START_DATE,FINISH_DATE,DIVISION_CD) VALUES ('E00000017' , 3 , '2002-12-04' , '2010-12-04' , 'D005');
INSERT INTO EMPLOYEE_CAREER_HST (EMPLOYEE_ID,CAREER_HST_NO,START_DATE,FINISH_DATE,DIVISION_CD) VALUES ('E00000017' , 4 , '2010-12-05' , NULL         , 'D001');
INSERT INTO EMPLOYEE_CAREER_HST (EMPLOYEE_ID,CAREER_HST_NO,START_DATE,FINISH_DATE,DIVISION_CD) VALUES ('E00000018' , 1 , '2015-01-17' , NULL         , 'D001');
INSERT INTO EMPLOYEE_CAREER_HST (EMPLOYEE_ID,CAREER_HST_NO,START_DATE,FINISH_DATE,DIVISION_CD) VALUES ('E00000019' , 1 , '2002-12-30' , '2005-12-30' , 'D003');
INSERT INTO EMPLOYEE_CAREER_HST (EMPLOYEE_ID,CAREER_HST_NO,START_DATE,FINISH_DATE,DIVISION_CD) VALUES ('E00000019' , 2 , '2005-12-31' , '2011-12-31' , 'D001');
INSERT INTO EMPLOYEE_CAREER_HST (EMPLOYEE_ID,CAREER_HST_NO,START_DATE,FINISH_DATE,DIVISION_CD) VALUES ('E00000019' , 3 , '2012-01-01' , NULL         , 'D002');
INSERT INTO EMPLOYEE_CAREER_HST (EMPLOYEE_ID,CAREER_HST_NO,START_DATE,FINISH_DATE,DIVISION_CD) VALUES ('E00000020' , 1 , '2010-11-22' , '2013-11-22' , 'D001');
INSERT INTO EMPLOYEE_CAREER_HST (EMPLOYEE_ID,CAREER_HST_NO,START_DATE,FINISH_DATE,DIVISION_CD) VALUES ('E00000020' , 2 , '2013-11-23' , NULL         , 'D003');
INSERT INTO EMPLOYEE_CAREER_HST (EMPLOYEE_ID,CAREER_HST_NO,START_DATE,FINISH_DATE,DIVISION_CD) VALUES ('E00000021' , 1 , '1977-04-19' , '1980-04-19' , 'D002');
INSERT INTO EMPLOYEE_CAREER_HST (EMPLOYEE_ID,CAREER_HST_NO,START_DATE,FINISH_DATE,DIVISION_CD) VALUES ('E00000021' , 2 , '1980-04-20' , '1986-04-20' , 'D001');
INSERT INTO EMPLOYEE_CAREER_HST (EMPLOYEE_ID,CAREER_HST_NO,START_DATE,FINISH_DATE,DIVISION_CD) VALUES ('E00000021' , 3 , '1986-04-21' , '1995-04-21' , 'D004');
INSERT INTO EMPLOYEE_CAREER_HST (EMPLOYEE_ID,CAREER_HST_NO,START_DATE,FINISH_DATE,DIVISION_CD) VALUES ('E00000021' , 4 , '1995-04-22' , '1999-04-22' , 'D003');
INSERT INTO EMPLOYEE_CAREER_HST (EMPLOYEE_ID,CAREER_HST_NO,START_DATE,FINISH_DATE,DIVISION_CD) VALUES ('E00000021' , 5 , '1999-04-23' , '2004-04-23' , 'D002');
INSERT INTO EMPLOYEE_CAREER_HST (EMPLOYEE_ID,CAREER_HST_NO,START_DATE,FINISH_DATE,DIVISION_CD) VALUES ('E00000021' , 6 , '2004-04-24' , '2009-04-24' , 'D001');
INSERT INTO EMPLOYEE_CAREER_HST (EMPLOYEE_ID,CAREER_HST_NO,START_DATE,FINISH_DATE,DIVISION_CD) VALUES ('E00000021' , 7 , '2009-04-25' , '2014-04-25' , 'D003');
INSERT INTO EMPLOYEE_CAREER_HST (EMPLOYEE_ID,CAREER_HST_NO,START_DATE,FINISH_DATE,DIVISION_CD) VALUES ('E00000021' , 8 , '2014-04-26' , NULL         , 'D004');
INSERT INTO EMPLOYEE_CAREER_HST (EMPLOYEE_ID,CAREER_HST_NO,START_DATE,FINISH_DATE,DIVISION_CD) VALUES ('E00000022' , 1 , '1970-05-26' , '1973-05-26' , 'D002');
INSERT INTO EMPLOYEE_CAREER_HST (EMPLOYEE_ID,CAREER_HST_NO,START_DATE,FINISH_DATE,DIVISION_CD) VALUES ('E00000022' , 2 , '1973-05-27' , '1981-05-27' , 'D004');
INSERT INTO EMPLOYEE_CAREER_HST (EMPLOYEE_ID,CAREER_HST_NO,START_DATE,FINISH_DATE,DIVISION_CD) VALUES ('E00000022' , 3 , '1981-05-28' , '1987-05-28' , 'D001');
INSERT INTO EMPLOYEE_CAREER_HST (EMPLOYEE_ID,CAREER_HST_NO,START_DATE,FINISH_DATE,DIVISION_CD) VALUES ('E00000022' , 4 , '1987-05-29' , '1992-05-29' , 'D002');
INSERT INTO EMPLOYEE_CAREER_HST (EMPLOYEE_ID,CAREER_HST_NO,START_DATE,FINISH_DATE,DIVISION_CD) VALUES ('E00000022' , 5 , '1992-05-30' , '1999-05-30' , 'D001');
INSERT INTO EMPLOYEE_CAREER_HST (EMPLOYEE_ID,CAREER_HST_NO,START_DATE,FINISH_DATE,DIVISION_CD) VALUES ('E00000022' , 6 , '1999-05-31' , '2006-05-31' , 'D004');
INSERT INTO EMPLOYEE_CAREER_HST (EMPLOYEE_ID,CAREER_HST_NO,START_DATE,FINISH_DATE,DIVISION_CD) VALUES ('E00000022' , 7 , '2006-06-01' , '2010-10-07' , 'D005');
INSERT INTO EMPLOYEE_CAREER_HST (EMPLOYEE_ID,CAREER_HST_NO,START_DATE,FINISH_DATE,DIVISION_CD) VALUES ('E00000023' , 1 , '2001-01-20' , '2004-01-20' , 'D002');
INSERT INTO EMPLOYEE_CAREER_HST (EMPLOYEE_ID,CAREER_HST_NO,START_DATE,FINISH_DATE,DIVISION_CD) VALUES ('E00000023' , 2 , '2004-01-21' , '2013-01-21' , 'D003');
INSERT INTO EMPLOYEE_CAREER_HST (EMPLOYEE_ID,CAREER_HST_NO,START_DATE,FINISH_DATE,DIVISION_CD) VALUES ('E00000023' , 3 , '2013-01-22' , NULL         , 'D005');
INSERT INTO EMPLOYEE_CAREER_HST (EMPLOYEE_ID,CAREER_HST_NO,START_DATE,FINISH_DATE,DIVISION_CD) VALUES ('E00000024' , 1 , '2009-08-27' , '2012-08-27' , 'D004');
INSERT INTO EMPLOYEE_CAREER_HST (EMPLOYEE_ID,CAREER_HST_NO,START_DATE,FINISH_DATE,DIVISION_CD) VALUES ('E00000024' , 2 , '2012-08-28' , NULL         , 'D002');
INSERT INTO EMPLOYEE_CAREER_HST (EMPLOYEE_ID,CAREER_HST_NO,START_DATE,FINISH_DATE,DIVISION_CD) VALUES ('E00000025' , 1 , '1988-09-26' , '1991-09-26' , 'D005');
INSERT INTO EMPLOYEE_CAREER_HST (EMPLOYEE_ID,CAREER_HST_NO,START_DATE,FINISH_DATE,DIVISION_CD) VALUES ('E00000025' , 2 , '1991-09-27' , '1997-09-27' , 'D001');
INSERT INTO EMPLOYEE_CAREER_HST (EMPLOYEE_ID,CAREER_HST_NO,START_DATE,FINISH_DATE,DIVISION_CD) VALUES ('E00000025' , 3 , '1997-09-28' , '2001-09-28' , 'D002');
INSERT INTO EMPLOYEE_CAREER_HST (EMPLOYEE_ID,CAREER_HST_NO,START_DATE,FINISH_DATE,DIVISION_CD) VALUES ('E00000025' , 4 , '2001-09-29' , '2010-09-29' , 'D001');
INSERT INTO EMPLOYEE_CAREER_HST (EMPLOYEE_ID,CAREER_HST_NO,START_DATE,FINISH_DATE,DIVISION_CD) VALUES ('E00000025' , 5 , '2010-09-30' , '2015-09-30' , 'D003');
INSERT INTO EMPLOYEE_CAREER_HST (EMPLOYEE_ID,CAREER_HST_NO,START_DATE,FINISH_DATE,DIVISION_CD) VALUES ('E00000025' , 6 , '2015-10-01' , NULL         , 'D002');
INSERT INTO EMPLOYEE_CAREER_HST (EMPLOYEE_ID,CAREER_HST_NO,START_DATE,FINISH_DATE,DIVISION_CD) VALUES ('E00000026' , 1 , '1991-11-14' , '1994-11-14' , 'D001');
INSERT INTO EMPLOYEE_CAREER_HST (EMPLOYEE_ID,CAREER_HST_NO,START_DATE,FINISH_DATE,DIVISION_CD) VALUES ('E00000026' , 2 , '1994-11-15' , '2000-11-15' , 'D002');
INSERT INTO EMPLOYEE_CAREER_HST (EMPLOYEE_ID,CAREER_HST_NO,START_DATE,FINISH_DATE,DIVISION_CD) VALUES ('E00000026' , 3 , '2000-11-16' , '2004-11-16' , 'D004');
INSERT INTO EMPLOYEE_CAREER_HST (EMPLOYEE_ID,CAREER_HST_NO,START_DATE,FINISH_DATE,DIVISION_CD) VALUES ('E00000026' , 4 , '2004-11-17' , '2012-11-17' , 'D001');
INSERT INTO EMPLOYEE_CAREER_HST (EMPLOYEE_ID,CAREER_HST_NO,START_DATE,FINISH_DATE,DIVISION_CD) VALUES ('E00000026' , 5 , '2012-11-18' , NULL         , 'D004');
INSERT INTO EMPLOYEE_CAREER_HST (EMPLOYEE_ID,CAREER_HST_NO,START_DATE,FINISH_DATE,DIVISION_CD) VALUES ('E00000027' , 1 , '2001-02-04' , '2004-02-04' , 'D001');
INSERT INTO EMPLOYEE_CAREER_HST (EMPLOYEE_ID,CAREER_HST_NO,START_DATE,FINISH_DATE,DIVISION_CD) VALUES ('E00000027' , 2 , '2004-02-05' , '2011-02-05' , 'D002');
INSERT INTO EMPLOYEE_CAREER_HST (EMPLOYEE_ID,CAREER_HST_NO,START_DATE,FINISH_DATE,DIVISION_CD) VALUES ('E00000027' , 3 , '2011-02-06' , NULL         , 'D001');
INSERT INTO EMPLOYEE_CAREER_HST (EMPLOYEE_ID,CAREER_HST_NO,START_DATE,FINISH_DATE,DIVISION_CD) VALUES ('E00000028' , 1 , '1998-07-08' , '2001-07-08' , 'D004');
INSERT INTO EMPLOYEE_CAREER_HST (EMPLOYEE_ID,CAREER_HST_NO,START_DATE,FINISH_DATE,DIVISION_CD) VALUES ('E00000028' , 2 , '2001-07-09' , '2009-07-09' , 'D001');
INSERT INTO EMPLOYEE_CAREER_HST (EMPLOYEE_ID,CAREER_HST_NO,START_DATE,FINISH_DATE,DIVISION_CD) VALUES ('E00000028' , 3 , '2009-07-10' , '2015-07-10' , 'D004');
INSERT INTO EMPLOYEE_CAREER_HST (EMPLOYEE_ID,CAREER_HST_NO,START_DATE,FINISH_DATE,DIVISION_CD) VALUES ('E00000028' , 4 , '2015-07-11' , NULL         , 'D005');
INSERT INTO EMPLOYEE_CAREER_HST (EMPLOYEE_ID,CAREER_HST_NO,START_DATE,FINISH_DATE,DIVISION_CD) VALUES ('E00000029' , 1 , '1988-12-05' , '1991-12-05' , 'D001');
INSERT INTO EMPLOYEE_CAREER_HST (EMPLOYEE_ID,CAREER_HST_NO,START_DATE,FINISH_DATE,DIVISION_CD) VALUES ('E00000029' , 2 , '1991-12-06' , '1998-12-06' , 'D004');
INSERT INTO EMPLOYEE_CAREER_HST (EMPLOYEE_ID,CAREER_HST_NO,START_DATE,FINISH_DATE,DIVISION_CD) VALUES ('E00000029' , 3 , '1998-12-07' , '2004-12-07' , 'D002');
INSERT INTO EMPLOYEE_CAREER_HST (EMPLOYEE_ID,CAREER_HST_NO,START_DATE,FINISH_DATE,DIVISION_CD) VALUES ('E00000029' , 4 , '2004-12-08' , '2013-12-08' , 'D004');
INSERT INTO EMPLOYEE_CAREER_HST (EMPLOYEE_ID,CAREER_HST_NO,START_DATE,FINISH_DATE,DIVISION_CD) VALUES ('E00000029' , 5 , '2013-12-09' , NULL         , 'D002');
INSERT INTO EMPLOYEE_CAREER_HST (EMPLOYEE_ID,CAREER_HST_NO,START_DATE,FINISH_DATE,DIVISION_CD) VALUES ('E00000030' , 1 , '1981-04-09' , '1984-04-09' , 'D004');
INSERT INTO EMPLOYEE_CAREER_HST (EMPLOYEE_ID,CAREER_HST_NO,START_DATE,FINISH_DATE,DIVISION_CD) VALUES ('E00000030' , 2 , '1984-04-10' , '1988-04-10' , 'D002');
INSERT INTO EMPLOYEE_CAREER_HST (EMPLOYEE_ID,CAREER_HST_NO,START_DATE,FINISH_DATE,DIVISION_CD) VALUES ('E00000030' , 3 , '1988-04-11' , '1994-04-11' , 'D005');
INSERT INTO EMPLOYEE_CAREER_HST (EMPLOYEE_ID,CAREER_HST_NO,START_DATE,FINISH_DATE,DIVISION_CD) VALUES ('E00000030' , 4 , '1994-04-12' , '2001-04-12' , 'D001');
INSERT INTO EMPLOYEE_CAREER_HST (EMPLOYEE_ID,CAREER_HST_NO,START_DATE,FINISH_DATE,DIVISION_CD) VALUES ('E00000030' , 5 , '2001-04-13' , '2007-04-13' , 'D004');
INSERT INTO EMPLOYEE_CAREER_HST (EMPLOYEE_ID,CAREER_HST_NO,START_DATE,FINISH_DATE,DIVISION_CD) VALUES ('E00000030' , 6 , '2007-04-14' , '2014-04-14' , 'D003');
INSERT INTO EMPLOYEE_CAREER_HST (EMPLOYEE_ID,CAREER_HST_NO,START_DATE,FINISH_DATE,DIVISION_CD) VALUES ('E00000030' , 7 , '2014-04-15' , '2013-09-15' , 'D001');
INSERT INTO EMPLOYEE_CAREER_HST (EMPLOYEE_ID,CAREER_HST_NO,START_DATE,FINISH_DATE,DIVISION_CD) VALUES ('E00000031' , 1 , '2012-06-17' , '2015-06-17' , 'D002');
INSERT INTO EMPLOYEE_CAREER_HST (EMPLOYEE_ID,CAREER_HST_NO,START_DATE,FINISH_DATE,DIVISION_CD) VALUES ('E00000031' , 2 , '2015-06-18' , NULL         , 'D004');
INSERT INTO EMPLOYEE_CAREER_HST (EMPLOYEE_ID,CAREER_HST_NO,START_DATE,FINISH_DATE,DIVISION_CD) VALUES ('E00000032' , 1 , '1990-08-08' , '1993-08-08' , 'D003');
INSERT INTO EMPLOYEE_CAREER_HST (EMPLOYEE_ID,CAREER_HST_NO,START_DATE,FINISH_DATE,DIVISION_CD) VALUES ('E00000032' , 2 , '1993-08-09' , '1998-08-09' , 'D004');
INSERT INTO EMPLOYEE_CAREER_HST (EMPLOYEE_ID,CAREER_HST_NO,START_DATE,FINISH_DATE,DIVISION_CD) VALUES ('E00000032' , 3 , '1998-08-10' , '2002-08-10' , 'D001');
INSERT INTO EMPLOYEE_CAREER_HST (EMPLOYEE_ID,CAREER_HST_NO,START_DATE,FINISH_DATE,DIVISION_CD) VALUES ('E00000032' , 4 , '2002-08-11' , '2004-07-31' , 'D002');
INSERT INTO EMPLOYEE_CAREER_HST (EMPLOYEE_ID,CAREER_HST_NO,START_DATE,FINISH_DATE,DIVISION_CD) VALUES ('E00000033' , 1 , '2010-10-07' , '2013-10-07' , 'D002');
INSERT INTO EMPLOYEE_CAREER_HST (EMPLOYEE_ID,CAREER_HST_NO,START_DATE,FINISH_DATE,DIVISION_CD) VALUES ('E00000033' , 2 , '2013-10-08' , NULL         , 'D004');
INSERT INTO EMPLOYEE_CAREER_HST (EMPLOYEE_ID,CAREER_HST_NO,START_DATE,FINISH_DATE,DIVISION_CD) VALUES ('E00000034' , 1 , '2010-08-01' , '2013-08-01' , 'D004');
INSERT INTO EMPLOYEE_CAREER_HST (EMPLOYEE_ID,CAREER_HST_NO,START_DATE,FINISH_DATE,DIVISION_CD) VALUES ('E00000034' , 2 , '2013-08-02' , NULL         , 'D003');
INSERT INTO EMPLOYEE_CAREER_HST (EMPLOYEE_ID,CAREER_HST_NO,START_DATE,FINISH_DATE,DIVISION_CD) VALUES ('E00000035' , 1 , '1995-11-30' , '1998-11-30' , 'D005');
INSERT INTO EMPLOYEE_CAREER_HST (EMPLOYEE_ID,CAREER_HST_NO,START_DATE,FINISH_DATE,DIVISION_CD) VALUES ('E00000035' , 2 , '1998-12-01' , '2002-12-01' , 'D001');
INSERT INTO EMPLOYEE_CAREER_HST (EMPLOYEE_ID,CAREER_HST_NO,START_DATE,FINISH_DATE,DIVISION_CD) VALUES ('E00000035' , 3 , '2002-12-02' , '2010-12-02' , 'D002');
INSERT INTO EMPLOYEE_CAREER_HST (EMPLOYEE_ID,CAREER_HST_NO,START_DATE,FINISH_DATE,DIVISION_CD) VALUES ('E00000035' , 4 , '2010-12-03' , NULL         , 'D004');
INSERT INTO EMPLOYEE_CAREER_HST (EMPLOYEE_ID,CAREER_HST_NO,START_DATE,FINISH_DATE,DIVISION_CD) VALUES ('E00000036' , 1 , '1999-04-28' , '2002-04-28' , 'D003');
INSERT INTO EMPLOYEE_CAREER_HST (EMPLOYEE_ID,CAREER_HST_NO,START_DATE,FINISH_DATE,DIVISION_CD) VALUES ('E00000036' , 2 , '2002-04-29' , '2010-04-29' , 'D001');
INSERT INTO EMPLOYEE_CAREER_HST (EMPLOYEE_ID,CAREER_HST_NO,START_DATE,FINISH_DATE,DIVISION_CD) VALUES ('E00000036' , 3 , '2010-04-30' , NULL         , 'D004');
INSERT INTO EMPLOYEE_CAREER_HST (EMPLOYEE_ID,CAREER_HST_NO,START_DATE,FINISH_DATE,DIVISION_CD) VALUES ('E00000037' , 1 , '1996-04-26' , '1999-04-26' , 'D003');
INSERT INTO EMPLOYEE_CAREER_HST (EMPLOYEE_ID,CAREER_HST_NO,START_DATE,FINISH_DATE,DIVISION_CD) VALUES ('E00000037' , 2 , '1999-04-27' , '2006-04-27' , 'D002');
INSERT INTO EMPLOYEE_CAREER_HST (EMPLOYEE_ID,CAREER_HST_NO,START_DATE,FINISH_DATE,DIVISION_CD) VALUES ('E00000037' , 3 , '2006-04-28' , '2012-04-28' , 'D001');
INSERT INTO EMPLOYEE_CAREER_HST (EMPLOYEE_ID,CAREER_HST_NO,START_DATE,FINISH_DATE,DIVISION_CD) VALUES ('E00000037' , 4 , '2012-04-29' , NULL         , 'D002');
INSERT INTO EMPLOYEE_CAREER_HST (EMPLOYEE_ID,CAREER_HST_NO,START_DATE,FINISH_DATE,DIVISION_CD) VALUES ('E00000038' , 1 , '1999-02-17' , '2002-02-17' , 'D004');
INSERT INTO EMPLOYEE_CAREER_HST (EMPLOYEE_ID,CAREER_HST_NO,START_DATE,FINISH_DATE,DIVISION_CD) VALUES ('E00000038' , 2 , '2002-02-18' , '2010-02-18' , 'D001');
INSERT INTO EMPLOYEE_CAREER_HST (EMPLOYEE_ID,CAREER_HST_NO,START_DATE,FINISH_DATE,DIVISION_CD) VALUES ('E00000038' , 3 , '2010-02-19' , '2014-02-19' , 'D002');
INSERT INTO EMPLOYEE_CAREER_HST (EMPLOYEE_ID,CAREER_HST_NO,START_DATE,FINISH_DATE,DIVISION_CD) VALUES ('E00000038' , 4 , '2014-02-20' , NULL         , 'D001');
INSERT INTO EMPLOYEE_CAREER_HST (EMPLOYEE_ID,CAREER_HST_NO,START_DATE,FINISH_DATE,DIVISION_CD) VALUES ('E00000039' , 1 , '1993-03-01' , '1996-03-01' , 'D004');
INSERT INTO EMPLOYEE_CAREER_HST (EMPLOYEE_ID,CAREER_HST_NO,START_DATE,FINISH_DATE,DIVISION_CD) VALUES ('E00000039' , 2 , '1996-03-02' , '2003-03-02' , 'D005');
INSERT INTO EMPLOYEE_CAREER_HST (EMPLOYEE_ID,CAREER_HST_NO,START_DATE,FINISH_DATE,DIVISION_CD) VALUES ('E00000039' , 3 , '2003-03-03' , '2012-03-03' , 'D004');
INSERT INTO EMPLOYEE_CAREER_HST (EMPLOYEE_ID,CAREER_HST_NO,START_DATE,FINISH_DATE,DIVISION_CD) VALUES ('E00000039' , 4 , '2012-03-04' , '2016-03-04' , 'D005');
INSERT INTO EMPLOYEE_CAREER_HST (EMPLOYEE_ID,CAREER_HST_NO,START_DATE,FINISH_DATE,DIVISION_CD) VALUES ('E00000039' , 5 , '2016-03-05' , NULL         , 'D001');
INSERT INTO EMPLOYEE_CAREER_HST (EMPLOYEE_ID,CAREER_HST_NO,START_DATE,FINISH_DATE,DIVISION_CD) VALUES ('E00000040' , 1 , '1994-09-19' , '1997-09-19' , 'D002');
INSERT INTO EMPLOYEE_CAREER_HST (EMPLOYEE_ID,CAREER_HST_NO,START_DATE,FINISH_DATE,DIVISION_CD) VALUES ('E00000040' , 2 , '1997-09-20' , '2002-09-20' , 'D003');
INSERT INTO EMPLOYEE_CAREER_HST (EMPLOYEE_ID,CAREER_HST_NO,START_DATE,FINISH_DATE,DIVISION_CD) VALUES ('E00000040' , 3 , '2002-09-21' , '2008-09-21' , 'D001');
INSERT INTO EMPLOYEE_CAREER_HST (EMPLOYEE_ID,CAREER_HST_NO,START_DATE,FINISH_DATE,DIVISION_CD) VALUES ('E00000040' , 4 , '2008-09-22' , '2014-09-22' , 'D003');
INSERT INTO EMPLOYEE_CAREER_HST (EMPLOYEE_ID,CAREER_HST_NO,START_DATE,FINISH_DATE,DIVISION_CD) VALUES ('E00000040' , 5 , '2014-09-23' , NULL         , 'D005');
INSERT INTO EMPLOYEE_CAREER_HST (EMPLOYEE_ID,CAREER_HST_NO,START_DATE,FINISH_DATE,DIVISION_CD) VALUES ('E00000041' , 1 , '2016-11-15' , NULL         , 'D001');
INSERT INTO EMPLOYEE_CAREER_HST (EMPLOYEE_ID,CAREER_HST_NO,START_DATE,FINISH_DATE,DIVISION_CD) VALUES ('E00000042' , 1 , '2016-11-15' , NULL         , 'D001');
INSERT INTO EMPLOYEE_CAREER_HST (EMPLOYEE_ID,CAREER_HST_NO,START_DATE,FINISH_DATE,DIVISION_CD) VALUES ('E00000043' , 1 , '1994-12-11' , '1997-12-11' , 'D003');
INSERT INTO EMPLOYEE_CAREER_HST (EMPLOYEE_ID,CAREER_HST_NO,START_DATE,FINISH_DATE,DIVISION_CD) VALUES ('E00000043' , 2 , '1997-12-12' , '2002-12-12' , 'D001');
INSERT INTO EMPLOYEE_CAREER_HST (EMPLOYEE_ID,CAREER_HST_NO,START_DATE,FINISH_DATE,DIVISION_CD) VALUES ('E00000043' , 3 , '2002-12-13' , '2010-12-13' , 'D003');
INSERT INTO EMPLOYEE_CAREER_HST (EMPLOYEE_ID,CAREER_HST_NO,START_DATE,FINISH_DATE,DIVISION_CD) VALUES ('E00000043' , 4 , '2010-12-14' , '2015-12-14' , 'D001');
INSERT INTO EMPLOYEE_CAREER_HST (EMPLOYEE_ID,CAREER_HST_NO,START_DATE,FINISH_DATE,DIVISION_CD) VALUES ('E00000043' , 5 , '2015-12-15' , NULL         , 'D002');
INSERT INTO EMPLOYEE_CAREER_HST (EMPLOYEE_ID,CAREER_HST_NO,START_DATE,FINISH_DATE,DIVISION_CD) VALUES ('E00000044' , 1 , '2015-11-27' , NULL         , 'D001');
INSERT INTO EMPLOYEE_CAREER_HST (EMPLOYEE_ID,CAREER_HST_NO,START_DATE,FINISH_DATE,DIVISION_CD) VALUES ('E00000045' , 1 , '2003-03-31' , '2006-03-31' , 'D002');
INSERT INTO EMPLOYEE_CAREER_HST (EMPLOYEE_ID,CAREER_HST_NO,START_DATE,FINISH_DATE,DIVISION_CD) VALUES ('E00000045' , 2 , '2006-04-01' , '2013-04-01' , 'D005');
INSERT INTO EMPLOYEE_CAREER_HST (EMPLOYEE_ID,CAREER_HST_NO,START_DATE,FINISH_DATE,DIVISION_CD) VALUES ('E00000045' , 3 , '2013-04-02' , NULL         , 'D003');
INSERT INTO EMPLOYEE_CAREER_HST (EMPLOYEE_ID,CAREER_HST_NO,START_DATE,FINISH_DATE,DIVISION_CD) VALUES ('E00000046' , 1 , '2014-02-24' , '2017-02-24' , 'D003');
INSERT INTO EMPLOYEE_CAREER_HST (EMPLOYEE_ID,CAREER_HST_NO,START_DATE,FINISH_DATE,DIVISION_CD) VALUES ('E00000046' , 2 , '2017-02-25' , NULL         , 'D004');
INSERT INTO EMPLOYEE_CAREER_HST (EMPLOYEE_ID,CAREER_HST_NO,START_DATE,FINISH_DATE,DIVISION_CD) VALUES ('E00000047' , 1 , '2016-06-25' , NULL         , 'D001');
INSERT INTO EMPLOYEE_CAREER_HST (EMPLOYEE_ID,CAREER_HST_NO,START_DATE,FINISH_DATE,DIVISION_CD) VALUES ('E00000048' , 1 , '1999-04-08' , '2002-04-08' , 'D004');
INSERT INTO EMPLOYEE_CAREER_HST (EMPLOYEE_ID,CAREER_HST_NO,START_DATE,FINISH_DATE,DIVISION_CD) VALUES ('E00000048' , 2 , '2002-04-09' , '2008-04-09' , 'D001');
INSERT INTO EMPLOYEE_CAREER_HST (EMPLOYEE_ID,CAREER_HST_NO,START_DATE,FINISH_DATE,DIVISION_CD) VALUES ('E00000048' , 3 , '2008-04-10' , '2014-05-24' , 'D004');
INSERT INTO EMPLOYEE_CAREER_HST (EMPLOYEE_ID,CAREER_HST_NO,START_DATE,FINISH_DATE,DIVISION_CD) VALUES ('E00000049' , 1 , '2006-12-23' , '2009-12-23' , 'D003');
INSERT INTO EMPLOYEE_CAREER_HST (EMPLOYEE_ID,CAREER_HST_NO,START_DATE,FINISH_DATE,DIVISION_CD) VALUES ('E00000049' , 2 , '2009-12-24' , '2016-12-24' , 'D004');
INSERT INTO EMPLOYEE_CAREER_HST (EMPLOYEE_ID,CAREER_HST_NO,START_DATE,FINISH_DATE,DIVISION_CD) VALUES ('E00000049' , 3 , '2016-12-25' , NULL         , 'D002');
INSERT INTO EMPLOYEE_CAREER_HST (EMPLOYEE_ID,CAREER_HST_NO,START_DATE,FINISH_DATE,DIVISION_CD) VALUES ('E00000050' , 1 , '2011-03-02' , '2014-03-02' , 'D001');
INSERT INTO EMPLOYEE_CAREER_HST (EMPLOYEE_ID,CAREER_HST_NO,START_DATE,FINISH_DATE,DIVISION_CD) VALUES ('E00000050' , 2 , '2014-03-03' , NULL         , 'D004');



#[ DIVISION_MST（部署名称テーブル） ]
CREATE TABLE DIVISION_MST(DIVISION_CD  CHAR(4)  NOT NULL PRIMARY KEY, DIVISION_NM  VARCHAR(100), MANAGER_ID CHAR(9) NOT NULL );
INSERT INTO DIVISION_MST (DIVISION_CD, DIVISION_NM, MANAGER_ID) VALUES ('D001' , '営業部' , 'E00000039');
INSERT INTO DIVISION_MST (DIVISION_CD, DIVISION_NM, MANAGER_ID) VALUES ('D002' , '開発部' , 'E00000043');
INSERT INTO DIVISION_MST (DIVISION_CD, DIVISION_NM, MANAGER_ID) VALUES ('D003' , '経理部' , 'E00000006');
INSERT INTO DIVISION_MST (DIVISION_CD, DIVISION_NM, MANAGER_ID) VALUES ('D004' , '人事部' , 'E00000021');
INSERT INTO DIVISION_MST (DIVISION_CD, DIVISION_NM, MANAGER_ID) VALUES ('D005' , '総務部' , 'E00000040');
